INPUT:text	INPUT:part
Электронный измеритель влажности ,температуры и освещеннсти почвы с логотипом	,температуры
Электронный измеритель влажности ,температуры и освещеннсти почвы с логотипом	освещеннсти
Драйвер	Драйвер
Аптечка первой помощи	Аптечка
Аптечка первой помощи	первой
Аптечка первой помощи	помощи
Балка продольная 5-зубая 44х120	Балка
Балка продольная 5-зубая 44х120	продольная
Балка продольная 5-зубая 44х120	5-зубая
Балка продольная 5-зубая 44х120	44х120
Батарейка	Батарейка
Элемент питания	Элемент
Элемент питания	питания
Батарея аккумуляторная	Батарея
Батарея аккумуляторная	аккумуляторная
Аккумулятор Camelion	Аккумулятор
Аккумулятор Camelion	Camelion
Аккумулятор GP	Аккумулятор
Аккумулятор GP	GP
Батарейка мизинчиковая	Батарейка
Батарейка мизинчиковая	мизинчиковая
Батарейка пальчиковая	Батарейка
Батарейка пальчиковая	пальчиковая
Башмак железнодорожный искробезопасный	Башмак
Башмак железнодорожный искробезопасный	железнодорожный
Башмак железнодорожный искробезопасный	искробезопасный
Бинт стерильный	Бинт
Бинт стерильный	стерильный
Бинт нестерильный	Бинт
Бинт нестерильный	нестерильный
Бинт стерильный	Бинт
Бинт стерильный	стерильный
Путевой лист легкового автомобиля	Путевой
Путевой лист легкового автомобиля	лист
Путевой лист легкового автомобиля	легкового
Путевой лист легкового автомобиля	автомобиля
Лист А4 с печатью	с
Лист А4 с печатью	печатью
Блокнот А6 с логотипом	Блокнот
Блокнот А6 с логотипом	А6
Блокнот А6 с логотипом	с
Блокнот А6 с логотипом	логотипом
Блокнот для записей	Блокнот
Блокнот для записей	для
Блокнот для записей	записей
Блокнот А5	Блокнот
Блокнот А5	А5
Блокнот 30 листов на склейке с логотипом	Блокнот
Блокнот 30 листов на склейке с логотипом	30
Блокнот 30 листов на склейке с логотипом	листов
Блокнот 30 листов на склейке с логотипом	на
Блокнот 30 листов на склейке с логотипом	склейке
Блокнот 30 листов на склейке с логотипом	с
Блокнот 30 листов на склейке с логотипом	логотипом
Лоток для бумаг	Лоток
Лоток для бумаг	для
Лоток для бумаг	бумаг
Болт анкерный (шт)	Болт
Болт анкерный (шт)	анкерный
Болт анкерный (шт)	(шт)
Бумага писчая	Бумага
Бумага писчая	писчая
Бумага клейкая	Бумага
Бумага клейкая	клейкая
Блок бумаги	Блок
Блок бумаги	бумаги
Бумага для факса	Бумага
Бумага для факса	для
Бумага для факса	факса
Ватман	Ватман
Футляр для визиток черный	Футляр
Футляр для визиток черный	для
Футляр для визиток черный	визиток
Футляр для визиток черный	черный
Вилка электрическая 	Вилка
Вилка электрическая 	электрическая
Винт с внутр.шестигранником 	Винт
Винт с внутр.шестигранником 	с
Винт с внутр.шестигранником 	внутр.шестигранником
Винт	Винт
Вискозиметр ВЗ-246	Вискозиметр
Вискозиметр ВЗ-246	ВЗ-246
Рессивер LV516 CE VES	Рессивер
Рессивер LV516 CE VES	LV516
Рессивер LV516 CE VES	CE
Рессивер LV516 CE VES	VES
Воздуховод вентиляции салона	Воздуховод
Воздуховод вентиляции салона	вентиляции
Воздуховод вентиляции салона	салона
Вентилятор охлаждения радиатора	Вентилятор
Вентилятор охлаждения радиатора	охлаждения
Вентилятор охлаждения радиатора	радиатора
Воздуховод спирально-навивной D100 мм, оц., 0,5	Воздуховод
Воздуховод спирально-навивной D100 мм, оц., 0,5	спирально-навивной
Воздуховод спирально-навивной D100 мм, оц., 0,5	D100
Воздуховод спирально-навивной D100 мм, оц., 0,5	мм,
Воздуховод спирально-навивной D100 мм, оц., 0,5	оц.,
Воздуховод спирально-навивной D100 мм, оц., 0,5	0,5
Воздуховод спирально-навивной D125 мм, оц., 0,5	Воздуховод
Воздуховод спирально-навивной D125 мм, оц., 0,5	спирально-навивной
Воздуховод спирально-навивной D125 мм, оц., 0,5	D125
Воздуховод спирально-навивной D125 мм, оц., 0,5	мм,
Воздуховод спирально-навивной D125 мм, оц., 0,5	оц.,
Воздуховод спирально-навивной D125 мм, оц., 0,5	0,5
Воздуховод спирально-навивной D160 мм, оц., 0,5	Воздуховод
Воздуховод спирально-навивной D160 мм, оц., 0,5	спирально-навивной
Воздуховод спирально-навивной D160 мм, оц., 0,5	D160
Воздуховод спирально-навивной D160 мм, оц., 0,5	мм,
Воздуховод спирально-навивной D160 мм, оц., 0,5	оц.,
Воздуховод спирально-навивной D160 мм, оц., 0,5	0,5
Вставка гибкая ВГк 	Вставка
Вставка гибкая ВГк 	гибкая
Вставка гибкая ВГк 	ВГк
Автомат ИЭК ВА 47-29 3П 25А	Автомат
Автомат ИЭК ВА 47-29 3П 25А	ИЭК
Автомат ИЭК ВА 47-29 3П 25А	ВА
Автомат ИЭК ВА 47-29 3П 25А	47-29
Автомат ИЭК ВА 47-29 3П 25А	3П
Автомат ИЭК ВА 47-29 3П 25А	25А
Выключатель автоматический  	Выключатель
Выключатель автоматический  	автоматический
Блок концевых выключателей 	Блок
Блок концевых выключателей 	концевых
Блок концевых выключателей 	выключателей
Выключатель 	Выключатель
Выключатель 1ОП	Выключатель
Выключатель 1ОП	1ОП
Выключатель двойной	Выключатель
Выключатель двойной	двойной
Выключатель 2ОП 	Выключатель
Выключатель 2ОП 	2ОП
Тумблер	Тумблер
Гайка М16	Гайка
Гайка М16	М16
Гайка М12	Гайка
Гайка М12	М12
Гайка М12	Гайка
Гайка М12	М12
Гайка М 16 оцинк.	Гайка
Гайка М 16 оцинк.	М
Гайка М 16 оцинк.	16
Гайка М 16 оцинк.	оцинк.
Гайка М20 оцинк.	Гайка
Гайка М20 оцинк.	М20
Гайка М20 оцинк.	оцинк.
Гайка шестигранная 	Гайка
Гайка шестигранная 	шестигранная
Гвоздодер	Гвоздодер
Герметик	Герметик
Герметик системы охлаждения воздуха 	Герметик
Герметик системы охлаждения воздуха 	системы
Герметик системы охлаждения воздуха 	охлаждения
Герметик системы охлаждения воздуха 	воздуха
Гидрофобизатор	Гидрофобизатор
Гильза термоусаживаемая	Гильза
Гильза термоусаживаемая	термоусаживаемая
Горелка	Горелка
Горелка газовая Бунзена (вертикальная)	Горелка
Горелка газовая Бунзена (вертикальная)	газовая
Горелка газовая Бунзена (вертикальная)	Бунзена
Горелка газовая Бунзена (вертикальная)	(вертикальная)
Горелка газовая	Горелка
Горелка газовая	газовая
Гравий	Гравий
Грунт 40л	Грунт
Грунт 40л	40л
Грунт 60л	Грунт
Грунт 60л	60л
Грунт 50л	Грунт
Грунт 50л	50л
Грунт эмаль по ржавчине 1,9 серая	Грунт
Грунт эмаль по ржавчине 1,9 серая	эмаль
Грунт эмаль по ржавчине 1,9 серая	по
Грунт эмаль по ржавчине 1,9 серая	ржавчине
Грунт эмаль по ржавчине 1,9 серая	1,9
Грунт эмаль по ржавчине 1,9 серая	серая
Дальномер лазерный	Дальномер
Дальномер лазерный	лазерный
Длинногубцы	Длинногубцы
Дюбель 	Дюбель
Ежедневник	Ежедневник
Зажим для бумаг	Зажим
Зажим для бумаг	для
Зажим для бумаг	бумаг
Зажим ЗШ(У) 	Зажим
Зажим ЗШ(У) 	ЗШ(У)
Зажим натяжной спиральный 	Зажим
Зажим натяжной спиральный 	натяжной
Зажим натяжной спиральный 	спиральный
Зажим поддерживающий спиральный 	Зажим
Зажим поддерживающий спиральный 	поддерживающий
Зажим поддерживающий спиральный 	спиральный
Заземление переносное 	Заземление
Заземление переносное 	переносное
Закладка	Закладка
Дроссель-клапан кр.D100 мм., оц. 0,55	Дроссель-клапан
Дроссель-клапан кр.D100 мм., оц. 0,55	кр.D100
Дроссель-клапан кр.D100 мм., оц. 0,55	мм.,
Дроссель-клапан кр.D100 мм., оц. 0,55	оц.
Дроссель-клапан кр.D100 мм., оц. 0,55	0,55
Извещатель магнитоконтактный	Извещатель
Извещатель магнитоконтактный	магнитоконтактный
Прибор приемно-контрольный 	Прибор
Прибор приемно-контрольный 	приемно-контрольный
Спиртометр	Спиртометр
Мат гимнастический 	Мат
Мат гимнастический 	гимнастический
Эспандер для степа 	Эспандер
Эспандер для степа 	для
Эспандер для степа 	степа
Индикатор светодиодный 	Индикатор
Индикатор светодиодный 	светодиодный
Модуль электропитания 	Модуль
Модуль электропитания 	электропитания
Кабель акустический	Кабель
Кабель акустический	акустический
Кабель КВВГнг 14*1	Кабель
Кабель КВВГнг 14*1	КВВГнг
Кабель КВВГнг 14*1	14*1
Кабель ВВГ 3х4 	Кабель
Кабель ВВГ 3х4 	ВВГ
Кабель ВВГ 3х4 	3х4
Провод ШТЛП-4 	Провод
Провод ШТЛП-4 	ШТЛП-4
Календарь	Календарь
Калькулятор	Калькулятор
Карандаш	Карандаш
Карман перекидной	Карман
Карман перекидной	перекидной
Визитные карточки (комп-т)	Визитные
Визитные карточки (комп-т)	карточки
Визитные карточки (комп-т)	(комп-т)
Катушка нормализующая	Катушка
Катушка нормализующая	нормализующая
Клей канцелярский	Клей
Клей канцелярский	канцелярский
Клей Момент	Клей
Клей Момент	Момент
Клей	Клей
Клей 88 люкс 0,9 кг	Клей
Клей 88 люкс 0,9 кг	88
Клей 88 люкс 0,9 кг	люкс
Клей 88 люкс 0,9 кг	0,9
Клей 88 люкс 0,9 кг	кг
Клей аэрозольный KIWOFIX SX	Клей
Клей аэрозольный KIWOFIX SX	аэрозольный
Клей аэрозольный KIWOFIX SX	KIWOFIX
Клей аэрозольный KIWOFIX SX	SX
Клей-расплав Эргомелт 271	Клей-расплав
Клей-расплав Эргомелт 271	Эргомелт
Клей-расплав Эргомелт 271	271
Клей плиточный	Клей
Клей плиточный	плиточный
Клещи токоизмерительные	Клещи
Клещи токоизмерительные	токоизмерительные
Инструмент обжимной для RJ-45	Инструмент
Инструмент обжимной для RJ-45	обжимной
Инструмент обжимной для RJ-45	для
Инструмент обжимной для RJ-45	RJ-45
Набор ключей	Набор
Набор ключей	ключей
Ключ гаечный 	Ключ
Ключ гаечный 	гаечный
Набор ключей комбинированных	Набор
Набор ключей комбинированных	ключей
Набор ключей комбинированных	комбинированных
Набор шестигран качающ.	Набор
Набор шестигран качающ.	шестигран
Набор шестигран качающ.	качающ.
Ключ балонный	Ключ
Ключ балонный	балонный
Кнопка запроса на выход 	Кнопка
Кнопка запроса на выход 	запроса
Кнопка запроса на выход 	на
Кнопка запроса на выход 	выход
Кнопки канцелярские	Кнопки
Кнопки канцелярские	канцелярские
Гвозди канцелярские	Гвозди
Гвозди канцелярские	канцелярские
Клеммник	Клеммник
Клемма	Клемма
Конденсатор системы охлаждения	Конденсатор
Конденсатор системы охлаждения	системы
Конденсатор системы охлаждения	охлаждения
Контактор КМИ-22510 25А	Контактор
Контактор КМИ-22510 25А	КМИ-22510
Контактор КМИ-22510 25А	25А
Контактор 	Контактор
Реверс С16РЕ 	Реверс
Реверс С16РЕ 	С16РЕ
Реверс К2Р 	Реверс
Реверс К2Р 	К2Р
Реверс ЕМ04 	Реверс
Реверс ЕМ04 	ЕМ04
Корзина для мусора	Корзина
Корзина для мусора	для
Корзина для мусора	мусора
Кабель-канал 15*10	Кабель-канал
Кабель-канал 15*10	15*10
Кабель-канал 	Кабель-канал
Кабель-канал	Кабель-канал
Врезка(КрД)-125-125-100-90 оцинкованная сталь	Врезка(КрД)-125-125-100-90
Врезка(КрД)-125-125-100-90 оцинкованная сталь	оцинкованная
Врезка(КрД)-125-125-100-90 оцинкованная сталь	сталь
Коробка распределительная	Коробка
Коробка распределительная	распределительная
Токораспределительная коробка	Токораспределительная
Токораспределительная коробка	коробка
Коронка по кирпичу и бетону	Коронка
Коронка по кирпичу и бетону	по
Коронка по кирпичу и бетону	кирпичу
Коронка по кирпичу и бетону	и
Коронка по кирпичу и бетону	бетону
Корпус пульта с клавиатурой 	Корпус
Корпус пульта с клавиатурой 	пульта
Корпус пульта с клавиатурой 	с
Корпус пульта с клавиатурой 	клавиатурой
Штрих	Штрих
Корректор	Корректор
Кран букса	Кран
Кран букса	букса
Кран шаровой Ду40	Кран
Кран шаровой Ду40	шаровой
Кран шаровой Ду40	Ду40
Кран шаровой Ду80	Кран
Кран шаровой Ду80	шаровой
Кран шаровой Ду80	Ду80
Кран шаровой DN50 PN16 с пневмоприводом 	Кран
Кран шаровой DN50 PN16 с пневмоприводом 	шаровой
Кран шаровой DN50 PN16 с пневмоприводом 	DN50
Кран шаровой DN50 PN16 с пневмоприводом 	PN16
Кран шаровой DN50 PN16 с пневмоприводом 	с
Кран шаровой DN50 PN16 с пневмоприводом 	пневмоприводом
Кран шаровой ст. Ду15	Кран
Кран шаровой ст. Ду15	шаровой
Кран шаровой ст. Ду15	ст.
Кран шаровой ст. Ду15	Ду15
Кран шаровой запорный Ду100  Ру16	Кран
Кран шаровой запорный Ду100  Ру16	шаровой
Кран шаровой запорный Ду100  Ру16	запорный
Кран шаровой запорный Ду100  Ру16	Ду100
Кран шаровой запорный Ду100  Ру16	Ру16
Кран шаровой запорный Ду150  Ру16	Кран
Кран шаровой запорный Ду150  Ру16	шаровой
Кран шаровой запорный Ду150  Ру16	запорный
Кран шаровой запорный Ду150  Ру16	Ду150
Кран шаровой запорный Ду150  Ру16	Ру16
Кран шаровой запорный Ду250  Ру16	Кран
Кран шаровой запорный Ду250  Ру16	шаровой
Кран шаровой запорный Ду250  Ру16	запорный
Кран шаровой запорный Ду250  Ру16	Ду250
Кран шаровой запорный Ду250  Ру16	Ру16
Кран шаровой Ду250  Ру16	Кран
Кран шаровой Ду250  Ру16	шаровой
Кран шаровой Ду250  Ру16	Ду250
Кран шаровой Ду250  Ру16	Ру16
Эмаль ПФ-115 зеленая 	Эмаль
Эмаль ПФ-115 зеленая 	ПФ-115
Эмаль ПФ-115 зеленая 	зеленая
Эмаль ПФ-115 серая	Эмаль
Эмаль ПФ-115 серая	ПФ-115
Эмаль ПФ-115 серая	серая
Краска для внутренней отделки	Краска
Краска для внутренней отделки	для
Краска для внутренней отделки	внутренней
Краска для внутренней отделки	отделки
Краска аэрозоль черный	Краска
Краска аэрозоль черный	аэрозоль
Краска аэрозоль черный	черный
Эмаль ПФ-115 черная	Эмаль
Эмаль ПФ-115 черная	ПФ-115
Эмаль ПФ-115 черная	черная
Краска штемпельная	Краска
Краска штемпельная	штемпельная
Кусачки боковые	Кусачки
Кусачки боковые	боковые
Лампа дейтериевая для детектора 	Лампа
Лампа дейтериевая для детектора 	дейтериевая
Лампа дейтериевая для детектора 	для
Лампа дейтериевая для детектора 	детектора
Лампа дейтериевая Agilent	Лампа
Лампа дейтериевая Agilent	дейтериевая
Лампа дейтериевая Agilent	Agilent
Лампа люминисцентная	Лампа
Лампа люминисцентная	люминисцентная
Лампа ДРИЗ/Reflux 400/4К	Лампа
Лампа ДРИЗ/Reflux 400/4К	ДРИЗ/Reflux
Лампа ДРИЗ/Reflux 400/4К	400/4К
Лампа ЛОН 75 Вт	Лампа
Лампа ЛОН 75 Вт	ЛОН
Лампа ЛОН 75 Вт	75
Лампа ЛОН 75 Вт	Вт
Лампа накаливания МО 36Вх60Вт	Лампа
Лампа накаливания МО 36Вх60Вт	накаливания
Лампа накаливания МО 36Вх60Вт	МО
Лампа накаливания МО 36Вх60Вт	36Вх60Вт
Лампа ЛОН 60 Вт	Лампа
Лампа ЛОН 60 Вт	ЛОН
Лампа ЛОН 60 Вт	60
Лампа ЛОН 60 Вт	Вт
Лампа ЛОН 95 Вт	Лампа
Лампа ЛОН 95 Вт	ЛОН
Лампа ЛОН 95 Вт	95
Лампа ЛОН 95 Вт	Вт
Лампа ДнаЗ/Рефлакс Аg 600W/400V	Лампа
Лампа ДнаЗ/Рефлакс Аg 600W/400V	ДнаЗ/Рефлакс
Лампа ДнаЗ/Рефлакс Аg 600W/400V	Аg
Лампа ДнаЗ/Рефлакс Аg 600W/400V	600W/400V
Лампа ДнаЗ/Рефлакс Аg 600W/220V	Лампа
Лампа ДнаЗ/Рефлакс Аg 600W/220V	ДнаЗ/Рефлакс
Лампа ДнаЗ/Рефлакс Аg 600W/220V	Аg
Лампа ДнаЗ/Рефлакс Аg 600W/220V	600W/220V
Лампа светодиодная 	Лампа
Лампа светодиодная 	светодиодная
Ластик	Ластик
Ледоруб	Ледоруб
Лезвие для канц.ножа	Лезвие
Лезвие для канц.ножа	для
Лезвие для канц.ножа	канц.ножа
Лейкопластырь бактериц. (мед-ты)	Лейкопластырь
Лейкопластырь бактериц. (мед-ты)	бактериц.
Лейкопластырь бактериц. (мед-ты)	(мед-ты)
Асептолин р-р 90%	Асептолин
Асептолин р-р 90%	р-р
Асептолин р-р 90%	90%
Люголя р-р с глицерином	Люголя
Люголя р-р с глицерином	р-р
Люголя р-р с глицерином	с
Люголя р-р с глицерином	глицерином
Пиридоксина гидрохлорид 5% 1мл	Пиридоксина
Пиридоксина гидрохлорид 5% 1мл	гидрохлорид
Пиридоксина гидрохлорид 5% 1мл	5%
Пиридоксина гидрохлорид 5% 1мл	1мл
Изолента ПВХ 15х20м черная	Изолента
Изолента ПВХ 15х20м черная	ПВХ
Изолента ПВХ 15х20м черная	15х20м
Изолента ПВХ 15х20м черная	черная
Изолента	Изолента
Лента монтажная нерж.	Лента
Лента монтажная нерж.	монтажная
Лента монтажная нерж.	нерж.
Лента бандажная нж.	Лента
Лента бандажная нж.	бандажная
Лента бандажная нж.	нж.
Линейка измерительная метал. 0...500мм	Линейка
Линейка измерительная метал. 0...500мм	измерительная
Линейка измерительная метал. 0...500мм	метал.
Линейка измерительная метал. 0...500мм	0...500мм
Линейка измерительная метал. 0..1000мл	Линейка
Линейка измерительная метал. 0..1000мл	измерительная
Линейка измерительная метал. 0..1000мл	метал.
Линейка измерительная метал. 0..1000мл	0..1000мл
Линейка	Линейка
Лист рифленый 4мм	Лист
Лист рифленый 4мм	рифленый
Лист рифленый 4мм	4мм
Лист 2,0х1200х3000 	Лист
Лист 2,0х1200х3000 	2,0х1200х3000
Полоса 	Полоса
Лом	Лом
Лом стальной 5-А	Лом
Лом стальной 5-А	стальной
Лом стальной 5-А	5-А
Лом стальной 12А	Лом
Лом стальной 12А	стальной
Лом стальной 12А	12А
Металлолом	Металлолом
Лом черный 5А	Лом
Лом черный 5А	черный
Лом черный 5А	5А
Лом нержавеющей стали 5Б26	Лом
Лом нержавеющей стали 5Б26	нержавеющей
Лом нержавеющей стали 5Б26	стали
Лом нержавеющей стали 5Б26	5Б26
Манометр МП4-У-1 6 КЛ.1.5	Манометр
Манометр МП4-У-1 6 КЛ.1.5	МП4-У-1
Манометр МП4-У-1 6 КЛ.1.5	6
Манометр МП4-У-1 6 КЛ.1.5	КЛ.1.5
Манометр электроконтактный ЭКМ	Манометр
Манометр электроконтактный ЭКМ	электроконтактный
Манометр электроконтактный ЭКМ	ЭКМ
Марка почтовая	Марка
Марка почтовая	почтовая
Фломастер	Фломастер
Маркер	Маркер
Маркер	Маркер
Машина стиральная В25-322	Машина
Машина стиральная В25-322	стиральная
Машина стиральная В25-322	В25-322
Машина сушильная ВС-25	Машина
Машина сушильная ВС-25	сушильная
Машина сушильная ВС-25	ВС-25
Набор метчиков и плашек	Набор
Набор метчиков и плашек	метчиков
Набор метчиков и плашек	и
Набор метчиков и плашек	плашек
Объект микрометр для отраженного света ОВ-ММ 1/100	Объект
Объект микрометр для отраженного света ОВ-ММ 1/100	микрометр
Объект микрометр для отраженного света ОВ-ММ 1/100	для
Объект микрометр для отраженного света ОВ-ММ 1/100	отраженного
Объект микрометр для отраженного света ОВ-ММ 1/100	света
Объект микрометр для отраженного света ОВ-ММ 1/100	ОВ-ММ
Объект микрометр для отраженного света ОВ-ММ 1/100	1/100
Модуль HG 3500 V8(120 Channels)	Модуль
Модуль HG 3500 V8(120 Channels)	HG
Модуль HG 3500 V8(120 Channels)	3500
Модуль HG 3500 V8(120 Channels)	V8(120
Модуль HG 3500 V8(120 Channels)	Channels)
Молоток	Молоток
Мультиметр 	Мультиметр
Мультиметр 9205А	Мультиметр
Мультиметр 9205А	9205А
Мультиметр	Мультиметр
Переход комбинированный 	Переход
Переход комбинированный 	комбинированный
Муфта	Муфта
Набор отвёрток	Набор
Набор отвёрток	отвёрток
Набор сверл	Набор
Набор сверл	сверл
Набор сверл по металлу	Набор
Набор сверл по металлу	сверл
Набор сверл по металлу	по
Набор сверл по металлу	металлу
Набор инструмента	Набор
Набор инструмента	инструмента
Набор инструментов для сет.обор.	Набор
Набор инструментов для сет.обор.	инструментов
Набор инструментов для сет.обор.	для
Набор инструментов для сет.обор.	сет.обор.
Набор пневмоинструмента 	Набор
Набор пневмоинструмента 	пневмоинструментаКомплект крепежа 	Комплект
Комплект крепежа 	крепежаОрганайзер настольный	Органайзер
Органайзер настольный	настольный
Наконечник 	Наконечник
Напильник	Напильник
Нож канцелярский	Нож
Нож канцелярский	канцелярский
Ножницы	Ножницы
Обложка для переплета	Обложка
Обложка для переплета	для
Обложка для переплета	переплета
Кроссовки мужские спилковые	Кроссовки
Кроссовки мужские спилковые	мужские
Кроссовки мужские спилковые	спилковые
Кроссовки из спилка	Кроссовки
Кроссовки из спилка	из
Кроссовки из спилка	спилка
Оповещатель световой	Оповещатель
Оповещатель световой	световой
Органайзер кабельный	Органайзер
Органайзер кабельный	кабельный
Отвертка	Отвертка
Отвертка аккумуляторная	Отвертка
Отвертка аккумуляторная	аккумуляторная
Угол	Угол
Отвод 	Отвод
Папка-уголок	Папка-уголок
Папка на резинках	Папка
Папка на резинках	на
Папка на резинках	резинках
Папка на 2-х кольцах	Папка
Папка на 2-х кольцах	на
Папка на 2-х кольцах	2-х
Папка на 2-х кольцах	кольцах
Папка на кнопке	Папка
Папка на кнопке	на
Папка на кнопке	кнопке
Папка регистратор	Папка
Папка регистратор	регистратор
Папка адресная	Папка
Папка адресная	адресная
Папка с арочным механизмом	Папка
Папка с арочным механизмом	с
Папка с арочным механизмом	арочным
Папка с арочным механизмом	механизмом
Папка с механическим прижимом	Папка
Папка с механическим прижимом	с
Папка с механическим прижимом	механическим
Папка с механическим прижимом	прижимом
Папка с завязками	Папка
Папка с завязками	с
Папка с завязками	завязками
Папка уголок	Папка
Папка уголок	уголок
Папка с боковым пружинным скоросшивателем	Папка
Папка с боковым пружинным скоросшивателем	с
Папка с боковым пружинным скоросшивателем	боковым
Папка с боковым пружинным скоросшивателем	пружинным
Папка с боковым пружинным скоросшивателем	скоросшивателем
Папка-файл А4	Папка-файл
Папка-файл А4	А4
Скоросшиватель картонный	Скоросшиватель
Скоросшиватель картонный	картонный
Папка 60 вкладышей	Папка
Папка 60 вкладышей	60
Папка 60 вкладышей	вкладышей
Скоросшиватель прозрачный верхний лист А4	Скоросшиватель
Скоросшиватель прозрачный верхний лист А4	прозрачный
Скоросшиватель прозрачный верхний лист А4	верхний
Скоросшиватель прозрачный верхний лист А4	лист
Скоросшиватель прозрачный верхний лист А4	А4
Папка с файлами	Папка
Папка с файлами	с
Папка с файлами	файлами
Папка с кнопкой	Папка
Папка с кнопкой	с
Папка с кнопкой	кнопкой
Плоскогубцы	Плоскогубцы
Пассатижи	Пассатижи
Узел управления спринклерный 	Узел
Узел управления спринклерный 	управления
Узел управления спринклерный 	спринклерный
Узел управления контрольно-пусковой 	Узел
Узел управления контрольно-пусковой 	управления
Узел управления контрольно-пусковой 	контрольно-пусковойНожовка по дереву (обыкновенная)	Ножовка
Ножовка по дереву (обыкновенная)	по
Ножовка по дереву (обыкновенная)	дереву
Ножовка по дереву (обыкновенная)	(обыкновенная)
Пипетка медицинская	Пипетка
Пипетка медицинская	медицинская
Аппликатор НВ 180 для термоплавкого клея	Аппликатор
Аппликатор НВ 180 для термоплавкого клея	НВ
Аппликатор НВ 180 для термоплавкого клея	180
Аппликатор НВ 180 для термоплавкого клея	для
Аппликатор НВ 180 для термоплавкого клея	термоплавкого
Аппликатор НВ 180 для термоплавкого клея	клея
Плита резиновая 	Плита
Плита резиновая 	резиновая
Плита ЛДСП	Плита
Плита ЛДСП	ЛДСП
Подушка штемпельная	Подушка
Подушка штемпельная	штемпельная
Покрывало спасательное 	Покрывало
Покрывало спасательное 	спасательноеПост управления ПВК-23  ХЛ1	Пост
Пост управления ПВК-23  ХЛ1	управления
Пост управления ПВК-23  ХЛ1	ПВК-23Пост управления ПВК-23  ХЛ1	ХЛ1
Пост ПКЕ 722/2	Пост
Пост ПКЕ 722/2	ПКЕ
Пост ПКЕ 722/2	722/2
Пост кнопочный 	Пост
Пост кнопочный 	кнопочный
Предохранитель	Предохранитель
Предохранитель 15А 	Предохранитель
Предохранитель 15А 	15А
Встраиваемый блок питания АТС/S30122-H7682-X	Встраиваемый
Встраиваемый блок питания АТС/S30122-H7682-X	блок
Встраиваемый блок питания АТС/S30122-H7682-X	питания
Встраиваемый блок питания АТС/S30122-H7682-X	АТС/S30122-H7682-X
Преобразователь частоты ELHART	Преобразователь
Преобразователь частоты ELHART	частоты
Преобразователь частоты ELHART	ELHART
Проволока для опечатывания 100м	Проволока
Проволока для опечатывания 100м	для
Проволока для опечатывания 100м	опечатывания
Проволока для опечатывания 100м	100м
Проволока витая d=0,75 (400м)	Проволока
Проволока витая d=0,75 (400м)	витая
Проволока витая d=0,75 (400м)	d=0,75
Проволока витая d=0,75 (400м)	(400м)
Пружина для переплета пластиковая	Пружина
Пружина для переплета пластиковая	для
Пружина для переплета пластиковая	переплета
Пружина для переплета пластиковая	пластиковая
Пруток алюминиевый 	Пруток
Пруток алюминиевый 	алюминиевыйКруг нерж. 	Круг
Круг нерж. 	нерж.Пруток 	Пруток
Гигрометр психрометричский ВИТ-1	Гигрометр
Гигрометр психрометричский ВИТ-1	психрометричский
Гигрометр психрометричский ВИТ-1	ВИТ-1
Гигрометр психрометрический ВИТ-2	Гигрометр
Гигрометр психрометрический ВИТ-2	психрометрический
Гигрометр психрометрический ВИТ-2	ВИТ-2
Разделитель пластиковый	Разделитель
Разделитель пластиковый	пластиковый
Разделитель пластиковый	Разделитель
Разделитель пластиковый	пластиковый
Разъем RJ-45	Разъем
Разъем RJ-45	RJ-45
Коннектор RJ-45 	Коннектор
Коннектор RJ-45 	RJ-45
Соединитель кабельный	Соединитель
Соединитель кабельный	кабельный
Рамка 2 поста	Рамка
Рамка 2 поста	2
Рамка 2 поста	поста
Рамка 4 поста	Рамка
Рамка 4 поста	4
Рамка 4 поста	поста
Реле времени	Реле
Реле времени	времени
Реле	Реле
Реле промежуточное	Реле
Реле промежуточное	промежуточное
Реле твердотельное 	Реле
Реле твердотельное 	твердотельноеРельсы Р-65 б/у	Рельсы
Рельсы Р-65 б/у	Р-65
Рельсы Р-65 б/у	б/у
Розетка телефонная	Розетка
Розетка телефонная	телефонная
Розетка "Этюд" IP44	Розетка
Розетка "Этюд" IP44	"Этюд"
Розетка "Этюд" IP44	IP44
Розетка СП (скрытой проводки)	Розетка
Розетка СП (скрытой проводки)	СП
Розетка СП (скрытой проводки)	(скрытой
Розетка СП (скрытой проводки)	проводки)
Розетка 2ОП	Розетка
Розетка 2ОП	2ОП
Розетка 1ОП	Розетка
Розетка 1ОП	1ОП
Блок розеток 	Блок
Блок розеток 	розеток
Розетка оптическая	Розетка
Розетка оптическая	оптическая
Розетка ТФ (RJ-11) 	Розетка
Розетка ТФ (RJ-11) 	ТФ
Розетка ТФ (RJ-11) 	(RJ-11)Ролик для факса	Ролик
Ролик для факса	для
Ролик для факса	факса
Рукав КЩ-1-25	Рукав
Рукав КЩ-1-25	КЩ-1-25
Рукав КЩ-1-50	Рукав
Рукав КЩ-1-50	КЩ-1-50
Шланг ПВХ поливочный 16мм	Шланг
Шланг ПВХ поливочный 16мм	ПВХ
Шланг ПВХ поливочный 16мм	поливочный
Шланг ПВХ поливочный 16мм	16мм
Рукав с нитяной оплеткой 38х49мм	Рукав
Рукав с нитяной оплеткой 38х49мм	с
Рукав с нитяной оплеткой 38х49мм	нитяной
Рукав с нитяной оплеткой 38х49мм	оплеткой
Шланг 	Шланг
Шланг силиконовый 	Шланг
Шланг силиконовый 	силиконовыйШланг кислородный	Шланг
Шланг кислородный	кислородный
Рукав 	Рукав
Шланг высокого давления	Шланг
Шланг высокого давления	высокого
Шланг высокого давления	давления
Рулетка	Рулетка
Рулетка 5м	Рулетка
Рулетка 5м	5м
Рулетка 10 м	Рулетка
Рулетка 10 м	10
Рулетка 10 м	м
Рулетка 3м	Рулетка
Рулетка 3м	3м
Ручка гелевая	Ручка
Ручка гелевая	гелевая
Ручка шариковая	Ручка
Ручка шариковая	шариковая
Салфетка стерильная 	Салфетка
Салфетка стерильная 	стерильнаяСаморез	Саморез
Саморез 	Саморез
Сверло по металлу 	Сверло
Сверло по металлу 	по
Сверло по металлу 	металлу
Сверло коническое	Сверло
Сверло коническое	коническое
Сверло ступенчатое 	Сверло
Сверло ступенчатое 	ступенчатое
Прожектор светодиодный	Прожектор
Прожектор светодиодный	светодиодный
Прибор световой LP001	Прибор
Прибор световой LP001	световой
Прибор световой BMS RGBW72	световой
Прибор световой BMS RGBW72	BMS
Светильник НПП 03-100	Светильник
Светильник НПП 03-100	НПП
Светильник НПП 03-100	03-100
Светильник светодиодный 	Светильник
Светильник светодиодный 	светодиодный
Светильник светодиодный взрывозащищенный 	Светильник
Светильник светодиодный взрывозащищенный 	светодиодный
Светильник светодиодный взрывозащищенный 	взрывозащищенный
Светильник для теплиц ЖСП 64-600-002 ЭПРА	Светильник
Светильник для теплиц ЖСП 64-600-002 ЭПРА	для
Светильник для теплиц ЖСП 64-600-002 ЭПРА	теплиц
Светильник для теплиц ЖСП 64-600-002 ЭПРА	ЖСП
Светильник для теплиц ЖСП 64-600-002 ЭПРА	64-600-002
Светильник для теплиц ЖСП 64-600-002 ЭПРА	ЭПРА
Светильник светодиодный с лупой 	Светильник
Светильник светодиодный с лупой 	светодиодный
Светильник светодиодный с лупой 	с
Светильник светодиодный с лупой 	лупой
Сетка тканная нержавеющая	Сетка
Сетка тканная нержавеющая	тканная
Сетка тканная нержавеющая	нержавеющая
Сигнализатор	Сигнализатор
Антистеплер	Антистеплер
Скотч  узкий	СкотчСкотч  узкий	узкий
Скотч алюминиевый	Скотч
Скотч алюминиевый	алюминиевый
Скотч двусторонний	Скотч
Скотч двусторонний	двусторонний
Скотч	Скотч
Скрепа-бугель усиленная	Скрепа-бугель
Скрепа-бугель усиленная	усиленная
Скрепки канцелярские	Скрепки
Скрепки канцелярские	канцелярские
Штекер разъединительный	Штекер
Штекер разъединительный	разъединительный
Штекер соединительный 	Штекер
Штекер соединительный 	соединительный
Стартер 220В	Стартер
Стартер 220В	220В
Степлер №10	Степлер
Степлер №10	№10
Степлер №24	Степлер
Степлер №24	№24
Стержень 	Стержень
Стержень для шариковой ручки	Стержень
Стержень для шариковой ручки	для
Стержень для шариковой ручки	шариковой
Стержень для шариковой ручки	ручки
Стержень для гелевой ручки	Стержень
Стержень для гелевой ручки	для
Стержень для гелевой ручки	гелевой
Стержень для гелевой ручки	ручки
Стержень для механического карандаша	Стержень
Стержень для механического карандаша	для
Стержень для механического карандаша	механического
Стержень для механического карандаша	карандаша
Стержень для ручки Waterman	Стержень
Стержень для ручки Waterman	для
Стержень для ручки Waterman	ручки
Стержень для ручки Waterman	Waterman
Строп ленточный	Строп
Строп ленточный	ленточный
Хомут нейлоновый 	Хомут
Хомут нейлоновый 	нейлоновыйХомут червячный	Хомут
Хомут червячный	червячный
Хомут	Хомут
Стяжка	Стяжка
Хомут	Хомут
Таймер электронный 	Таймер
Таймер электронный 	электронныйТаблица маркировочная 	Таблица
Таблица маркировочная 	маркировочная
Талреп 	Талреп
Теплоизоляция Armaflex ACe 06ммх006мм	Теплоизоляция
Теплоизоляция Armaflex ACe 06ммх006мм	Armaflex
Теплоизоляция Armaflex ACe 06ммх006мм	ACe
Теплоизоляция Armaflex ACe 06ммх006мм	06ммх006мм
Теплоизоляция Armaflex ACe 06ммх010мм	Теплоизоляция
Теплоизоляция Armaflex ACe 06ммх010мм	Armaflex
Теплоизоляция Armaflex ACe 06ммх010мм	ACe
Теплоизоляция Armaflex ACe 06ммх010мм	06ммх010мм
Теплоизоляция Пенофол (с односторонней фольгой, самокл.)	Теплоизоляция
Теплоизоляция Пенофол (с односторонней фольгой, самокл.)	Пенофол
Теплоизоляция Пенофол (с односторонней фольгой, самокл.)	(с
Теплоизоляция Пенофол (с односторонней фольгой, самокл.)	односторонней
Теплоизоляция Пенофол (с односторонней фольгой, самокл.)	фольгой,
Теплоизоляция Пенофол (с односторонней фольгой, самокл.)	самокл.)
Термометр жидкостной ТТЖ (0+100 240/163)	Термометр
Термометр жидкостной ТТЖ (0+100 240/163)	жидкостной
Термометр жидкостной ТТЖ (0+100 240/163)	ТТЖ
Термометр жидкостной ТТЖ (0+100 240/163)	(0+100
Термометр жидкостной ТТЖ (0+100 240/163)	240/163)
Термометр жидкостной СП(ТТ) (0.100С)/100мм	Термометр
Термометр жидкостной СП(ТТ) (0.100С)/100мм	жидкостной
Термометр жидкостной СП(ТТ) (0.100С)/100мм	СП(ТТ)
Термометр жидкостной СП(ТТ) (0.100С)/100мм	(0.100С)/100мм
Тетрадь	Тетрадь
Топор	Топор
Точилка	Точилка
Точилка механическая	Точилка
Точилка механическая	механическая
Точило электрическое Ливны ф200мм 1.1 кВт	Точило
Точило электрическое Ливны ф200мм 1.1 кВт	электрическое
Точило электрическое Ливны ф200мм 1.1 кВт	Ливны
Точило электрическое Ливны ф200мм 1.1 кВт	ф200мм
Точило электрическое Ливны ф200мм 1.1 кВт	1.1
Точило электрическое Ливны ф200мм 1.1 кВт	кВт
Трансформатор тока	Трансформатор
Трансформатор тока	тока
Трафарет 	Трафарет
Трубка полиуретановая	Трубка
Трубка полиуретановая	полиуретановая
Труба медная 1/4* ASTM D280	1/4*
Труба медная 1/4* ASTM D280	ASTM
Труба медная 3/8* ASTM D280	Труба
Труба медная 3/8* ASTM D280	медная
Труба медная 3/8* ASTM D280	3/8*
Труба медная 3/8* ASTM D280	ASTM
Труба медная 3/8* ASTM D280	D280
Труба полипропиленовая 25*2,3 мм PN10	Труба
Труба полипропиленовая 25*2,3 мм PN10	полипропиленовая
Труба полипропиленовая 25*2,3 мм PN10	25*2,3
Труба полипропиленовая 25*2,3 мм PN10	мм
Труба полипропиленовая 25*2,3 мм PN10	PN10
Труба гофрированная ПВХ 20мм с протяжкой	гофрированная
Труба гофрированная ПВХ 20мм с протяжкой	с
Труба гофрированная ПВХ 20мм с протяжкой	протяжкой
Труба ПНД	Труба
Труба ПНД	ПНД
Труба ПВХ 	Труба
Труба ПВХ 	ПВХ
Трубка термоусаживаемая	Трубка
Трубка термоусаживаемая	термоусаживаемая
Тягонапоромер ТНМП	Тягонапоромер
Тягонапоромер ТНМП	ТНМП
Уголок ст3 	Уголок
Уголок ст3 	ст3
Фильтр сетевой	Фильтр
Фильтр сетевой	сетевой
Удлинитель (сетевой фильтр)	Удлинитель
Удлинитель (сетевой фильтр)	(сетевой
Удлинитель (сетевой фильтр)	фильтр)
Указатель напряжения ПИН 90 ЭТ	Указатель
Указатель напряжения ПИН 90 ЭТ	напряжения
Указатель напряжения ПИН 90 ЭТ	ПИН
Указатель напряжения ПИН 90 ЭТ	90
Указатель напряжения ПИН 90 ЭТ	ЭТ
Указатель напряжения	Указатель
Указатель напряжения	напряжения
Устройство зарядное универсальное "Камень"	Устройство
Устройство зарядное универсальное "Камень"	зарядное
Устройство зарядное универсальное "Камень"	универсальное
Устройство зарядное универсальное "Камень"	"Камень"
Файлы	Файлы
Мультифора А4	Мультифора
Мультифора А4	А4
Фланец стальной плоский приварной 1-40-16	Фланец
Фланец стальной плоский приварной 1-40-16	стальной
Фланец стальной плоский приварной 1-40-16	плоский
Фланец стальной плоский приварной 1-40-16	приварной
Фланец стальной плоский приварной 1-40-16	1-40-16
Фланец ст.Ду 50 Ру 16	Фланец
Фланец ст.Ду 50 Ру 16	ст.Ду
Фланец ст.Ду 50 Ру 16	50
Фланец ст.Ду 50 Ру 16	Ру
Фланец ст.Ду 50 Ру 16	16
Фланец	Фланец
Фланец Ду 40 Ру 16 пл.	Фланец
Фланец Ду 40 Ру 16 пл.	Ду
Фланец Ду 40 Ру 16 пл.	40
Фланец Ду 40 Ру 16 пл.	Ру
Фланец Ду 40 Ру 16 пл.	16
Фланец Ду 40 Ру 16 пл.	пл.
Фланец Ду 80 Ру 16 пл	Фланец
Фланец Ду 80 Ру 16 пл	Ду
Фланец Ду 80 Ру 16 пл	80
Фланец Ду 80 Ру 16 пл	Ру
Фланец Ду 80 Ру 16 пл	16
Фланец Ду 80 Ру 16 пл	пл
Фланец стальной плоский Ду125 Ру16	Фланец
Фланец стальной плоский Ду125 Ру16	стальной
Фланец стальной плоский Ду125 Ру16	плоский
Фланец стальной плоский Ду125 Ру16	Ду125
Фланец стальной плоский Ду125 Ру16	Ру16
Фланец стальной плоский Ду100 Ру16	Фланец
Фланец стальной плоский Ду100 Ру16	стальной
Фланец стальной плоский Ду100 Ру16	плоский
Фланец стальной плоский Ду100 Ру16	Ду100
Фланец стальной плоский Ду100 Ру16	Ру16
Фланец стальной плоский Ду 32	Фланец
Фланец стальной плоский Ду 32	стальной
Фланец стальной плоский Ду 32	плоский
Фланец стальной плоский Ду 32	Ду
Фланец стальной плоский Ду 32	32
Фланец Ду250 Ру16	Фланец
Фланец Ду250 Ру16	Ду250
Фланец Ду250 Ру16	Ру16
Кислота паяльная	Кислота
Кислота паяльная	паяльная
Фотобумага глянцевая	Фотобумага
Фотобумага глянцевая	глянцевая
Хомут шланга системы охлаждения	Хомут
Хомут шланга системы охлаждения	шланга
Хомут шланга системы охлаждения	системы
Хомут шланга системы охлаждения	охлаждения
Шайба	Шайба
Шайба 6 оцинк.	Шайба
Шайба 6 оцинк.	6
Шайба 6 оцинк.	оцинк.
С/шина 9.00-16  Я-324-1	С/шина
С/шина 9.00-16  Я-324-1	9.00-16С/шина 9.00-16  Я-324-1	Я-324-1
С/шина 14,0/65-16	С/шина
С/шина 14,0/65-16	14,0/65-16
Шинка	Шинка
Шлифшкурка	Шлифшкурка
Шпалы	Шпалы
Шпатель 	Шпатель
Шприц инъекционный 10 мл	Шприц
Шприц инъекционный 10 мл	инъекционный
Шприц инъекционный 10 мл	10
Шприц инъекционный 10 мл	мл
Шприц инъекционный 5 мл	Шприц
Шприц инъекционный 5 мл	инъекционный
Шприц инъекционный 5 мл	5
Шприц инъекционный 5 мл	мл
Шприц 2,0	Шприц
Шприц 2,0	2,0
Шприц 5,0	Шприц
Шприц 5,0	5,0
Шприц 2-х компонентный 5мл	Шприц
Шприц 2-х компонентный 5мл	2-х
Шприц 2-х компонентный 5мл	компонентный
Шприц 2-х компонентный 5мл	5мл
Печать(штамп)	Печать(штамп)
Штамповки В95 Т 1 Б3-1Р	Штамповки
Штамповки В95 Т 1 Б3-1Р	В95
Штамповки В95 Т 1 Б3-1Р	Т
Штамповки В95 Т 1 Б3-1Р	1
Штамповки В95 Т 1 Б3-1Р	Б3-1Р
Штамп	Штамп
Штанга ШОУ	Штанга
Штанга ШОУ	ШОУ
Штуцер	Штуцер
Щетка по металлу	Щетка
Щетка по металлу	по
Щетка по металлу	металлу
Щипцы универсальные для стопорных колец	Щипцы
Щипцы универсальные для стопорных колец	универсальные
Щипцы универсальные для стопорных колец	для
Щипцы универсальные для стопорных колец	стопорных
Щипцы универсальные для стопорных колец	колец
Бокс пластиковый	Бокс
Бокс пластиковый	пластиковый
Щит ОЩВ-12 (63+12*16)	Щит
Щит ОЩВ-12 (63+12*16)	ОЩВ-12
Щит ОЩВ-12 (63+12*16)	(63+12*16)
Щит ЩРН-П-4	Щит
Щит ЩРН-П-4	ЩРН-П-4
Щит ЩМП	Щит
Щит ЩМП	ЩМП
Электрод МР-3 4,0	Электрод
Электрод МР-3 4,0	МР-3
Электрод МР-3 4,0	4,0
Электрод МР-3 3,0	Электрод
Электрод МР-3 3,0	МР-3
Электрод МР-3 3,0	3,0
Электрод нержавеющий	Электрод
Электрод нержавеющий	нержавеющий
Электрод d3,2	Электрод
Электрод d3,2	d3,2
Электродержатель ЭД-400А	Электродержатель
Электродержатель ЭД-400А	ЭД-400А
Элемент усилительный передней панели	Элемент
Элемент усилительный передней панели	усилительный
Элемент усилительный передней панели	передней
Элемент усилительный передней панели	панели
